name,age,email
Alice,25,alice@abc.com
Bob,30,bob@gmail.com
Charlie,35,charlie@live.com
David,28,david@xyz.com
Emily,22,emily@yahoo.com
Frank,40,frank@gmail.com
Gabriella,33,gabriella@outlook.com
Harry,27,harry@gmail.com
Isabelle,31,isabelle@abc.com
Jacob,29,jacob@yahoo.com
Katherine,26,katherine@live.com
Lucas,32,lucas@outlook.com
Mia,24,mia@xyz.com
Nathan,37,nathan@abc.com
Olivia,29,olivia@gmail.com
Peter,34,peter@yahoo.com
Quincy,36,quincy@live.com
Rachel,28,rachel@outlook.com
Samuel,30,samuel@gmail.com
Tessa,31,tessa@abc.com
Ursula,39,ursula@live.com
Victoria,27,victoria@xyz.com
William,33,william@yahoo.com
Xavier,28,xavier@gmail.com
Yara,29,yara@abc.com
Zachary,36,zachary@live.com
Aaron,30,aaron@xyz.com
Brianna,23,brianna@yahoo.com
Cameron,31,cameron@gmail.com
Danielle,27,danielle@abc.com
Edward,32,edward@live.com
Fiona,25,fiona@outlook.com
Gregory,34,gregory@yahoo.com
Haley,28,haley@abc.com
Isaac,29,isaac@outlook.com
Jessica,26,jessica@gmail.com
Kelsey,33,kelsey@xyz.com
Liam,35,liam@yahoo.com
Megan,27,megan@abc.com
Nolan,30,nolan@live.com
Oliver,28,oliver@outlook.com
Paige,31,paige@gmail.com
Quentin,36,quentin@abc.com
Riley,24,riley@live.com
Samantha,33,samantha@xyz.com
Thomas,37,thomas@yahoo.com
Uma,29,uma@abc.com
Victoria,32,victoria@live.com
Wesley,26,wesley@outlook.com
Xander,30,xander@gmail.com
Yvonne,35,yvonne@abc.com
Zane,28,zane@live.com
Abby,27,abby@xyz.com
Brandon,31,brandon@yahoo.com
Caitlyn,29,caitlyn@gmail.com
Derek,33,derek@abc.com
Emma,24,emma@live.com
Faith,37,faith@outlook.com
George,36,george@gmail.com
Heather,28,heather@abc.com
Isaiah,30,isaiah@live.com
Jennifer,26,jennifer@yahoo.com
Katie,31,katie@gmail.com
Luke,33,luke@abc.com
Molly,27,molly@outlook.com
Nina,35,nina@xyz.com
Oscar,29,oscar@abc.com
Peyton,32,peyton@live.com
Quinn,28,quinn@outlook.com
Ruth,33,ruth@yahoo.com
Sean,36,sean@abc.com
Taylor,24,taylor@live.com
Uriah,30,uriah@outlook.com
